<?xml version="1.0"?>
<doc>
    <assembly>
        <name>IKVM.Runtime.JNI</name>
    </assembly>
    <members>
        <member name="T:IKVM.Runtime.JNI.Native">
            <summary>
            Provides access to the native companion methods.
            </summary>
        </member>
        <member name="M:IKVM.Runtime.JNI.Native.LoadLibrary(System.String)">
            <summary>
            Native Win32 LoadLibrary method.
            </summary>
            <param name="dllToLoad"></param>
            <returns></returns>
        </member>
        <member name="M:IKVM.Runtime.JNI.Native.dlopen(System.String,System.Int32)">
            <summary>
            Native POSIX library loader method.
            </summary>
            <param name="path"></param>
            <param name="flag"></param>
            <returns></returns>
        </member>
        <member name="M:IKVM.Runtime.JNI.Native.#cctor">
            <summary>
            Initializes the static instance.
            </summary>
        </member>
        <member name="M:IKVM.Runtime.JNI.Native.DllImportResolver(System.String,System.Reflection.Assembly,System.Nullable{System.Runtime.InteropServices.DllImportSearchPath})">
            <summary>
            Attempts to resolve the specified assembly when running on .NET Core 3.1 and above.
            </summary>
            <param name="libraryName"></param>
            <param name="assembly"></param>
            <param name="searchPath"></param>
            <returns></returns>
        </member>
        <member name="M:IKVM.Runtime.JNI.Native.GetRuntimeIdentifierArch">
            <summary>
            Gets the RID architecture.
            </summary>
            <returns></returns>
        </member>
        <member name="M:IKVM.Runtime.JNI.Native.GetRuntimeIdentifiers">
            <summary>
            Gets the runtime identifiers of the current platform.
            </summary>
            <returns></returns>
        </member>
        <member name="M:IKVM.Runtime.JNI.Native.GetLibraryFileName(System.String)">
            <summary>
            Gets the appropriate 
            </summary>
            <param name="name"></param>
            <returns></returns>
        </member>
        <member name="M:IKVM.Runtime.JNI.Native.GetLibraryPaths(System.String)">
            <summary>
            Gets some library paths to check.
            </summary>
            <returns></returns>
        </member>
    </members>
</doc>
