<?xml version="1.0"?>
<doc>
    <assembly>
        <name>ikvmc</name>
    </assembly>
    <members>
        <member name="P:IKVM.Internal.TypeWrapper.TypeAsArrayType">
            <summary>Use this if the type is used as an array or array element</summary> 
        </member>
        <member name="T:IKVM.Runtime.Extensions.PathExtensions">
            <summary>
            Various extension methods for working with paths.
            </summary>
        </member>
        <member name="M:IKVM.Runtime.Extensions.PathExtensions.TrimEndingDirectorySeparator(System.String)">
            <summary>
            Trims any ending directory separator characters are removed from the path.
            </summary>
            <param name="path"></param>
            <returns></returns>
        </member>
        <member name="M:IKVM.Runtime.Extensions.PathExtensions.EnsureEndingDirectorySeparator(System.String)">
            <summary>
            Ensures the given path ends with a directory separator.
            </summary>
            <param name="path"></param>
            <returns></returns>
        </member>
    </members>
</doc>
