<?xml version="1.0"?>
<doc>
    <assembly>
        <name>IKVM.Runtime.JNI</name>
    </assembly>
    <members>
        <member name="T:IKVM.Runtime.JniNativeLibrary">
            <summary>
            Provides methods to load a library.
            </summary>
        </member>
        <member name="M:IKVM.Runtime.JniNativeLibrary.Load(System.String)">
            <summary>
            Loads the given library in a platform dependent manner.
            </summary>
            <param name="path"></param>
            <returns></returns>
            <exception cref="T:System.PlatformNotSupportedException"></exception>
        </member>
        <member name="M:IKVM.Runtime.JniNativeLibrary.Free(System.IntPtr)">
            <summary>
            Frees the given library in a platform dependent manner.
            </summary>
            <param name="handle"></param>
            <returns></returns>
            <exception cref="T:System.PlatformNotSupportedException"></exception>
        </member>
        <member name="M:IKVM.Runtime.JniNativeLibrary.GetExport(System.IntPtr,System.String,System.Int32)">
            <summary>
            Gets a function pointer to the given named function.
            </summary>
            <param name="handle"></param>
            <param name="name"></param>
            <param name="argl"></param>
            <returns></returns>
            <exception cref="T:System.PlatformNotSupportedException"></exception>
        </member>
        <member name="T:IKVM.Runtime.Native">
            <summary>
            Provides access to the native companion methods.
            </summary>
        </member>
        <member name="M:IKVM.Runtime.Native.#cctor">
            <summary>
            Initializes the static instance.
            </summary>
        </member>
        <member name="M:IKVM.Runtime.Native.DllImportResolver(System.String,System.Reflection.Assembly,System.Nullable{System.Runtime.InteropServices.DllImportSearchPath})">
            <summary>
            Attempts to resolve the specified assembly when running on .NET Core 3.1 and above.
            </summary>
            <param name="libraryName"></param>
            <param name="assembly"></param>
            <param name="searchPath"></param>
            <returns></returns>
        </member>
        <member name="M:IKVM.Runtime.Native.GetRuntimeIdentifierArch">
            <summary>
            Gets the RID architecture.
            </summary>
            <returns></returns>
        </member>
        <member name="M:IKVM.Runtime.Native.GetRuntimeIdentifiers">
            <summary>
            Gets the runtime identifiers of the current platform.
            </summary>
            <returns></returns>
        </member>
        <member name="M:IKVM.Runtime.Native.GetLibraryFileName(System.String)">
            <summary>
            Gets the appropriate 
            </summary>
            <param name="name"></param>
            <returns></returns>
        </member>
        <member name="M:IKVM.Runtime.Native.GetLibraryPaths(System.String)">
            <summary>
            Gets some library paths to check.
            </summary>
            <returns></returns>
        </member>
    </members>
</doc>
