<?xml version="1.0"?>
<doc>
    <assembly>
        <name>IKVM.Runtime</name>
    </assembly>
    <members>
        <member name="P:IKVM.Internal.TypeWrapper.TypeAsArrayType">
            <summary>Use this if the type is used as an array or array element</summary> 
        </member>
        <member name="T:IKVM.Runtime.Extensions.PathExtensions">
            <summary>
            Various extension methods for working with paths.
            </summary>
        </member>
        <member name="M:IKVM.Runtime.Extensions.PathExtensions.TrimEndingDirectorySeparator(System.String)">
            <summary>
            Trims any ending directory separator characters are removed from the path.
            </summary>
            <param name="path"></param>
            <returns></returns>
        </member>
        <member name="M:IKVM.Runtime.Extensions.PathExtensions.EnsureEndingDirectorySeparator(System.String)">
            <summary>
            Ensures the given path ends with a directory separator.
            </summary>
            <param name="path"></param>
            <returns></returns>
        </member>
        <member name="T:IKVM.Runtime.Vfs.VfsAssemblyClassDirectory">
            <summary>
            Represents a virtual directory for Java classes form an assembly.
            </summary>
        </member>
        <member name="M:IKVM.Runtime.Vfs.VfsAssemblyClassDirectory.#ctor(IKVM.Runtime.Vfs.VfsContext,System.Reflection.Assembly,System.String)">
            <summary>
            Initializes a new instance.
            </summary>
            <param name="context"></param>
            <param name="assembly"></param>
            <param name="package"></param>
            <exception cref="T:System.ArgumentNullException"></exception>
        </member>
        <member name="M:IKVM.Runtime.Vfs.VfsAssemblyClassDirectory.GetEntry(System.String)">
            <summary>
            Gets the entry corresponding to the specified name.
            </summary>
            <param name="name"></param>
            <returns></returns>
        </member>
        <member name="M:IKVM.Runtime.Vfs.VfsAssemblyClassDirectory.TryLoadType(System.String)">
            <summary>
            Attempts to load the type information for the class name.
            </summary>
            <param name="className"></param>
            <returns></returns>
        </member>
        <member name="M:IKVM.Runtime.Vfs.VfsAssemblyClassDirectory.GetClassEntry(System.String)">
            <summary>
            Attempts to get an entry for the specified class.
            </summary>
            <param name="className"></param>
            <returns></returns>
            <exception cref="T:System.NotImplementedException"></exception>
        </member>
        <member name="M:IKVM.Runtime.Vfs.VfsAssemblyClassDirectory.GetAssemblyTypes">
            <summary>
            Gets all of the types for the current assembly.
            </summary>
            <returns></returns>
        </member>
        <member name="M:IKVM.Runtime.Vfs.VfsAssemblyClassDirectory.GetPackageEntry(System.String)">
            <summary>
            Attempts to get an entry for the specified package.
            </summary>
            <param name="packageName"></param>
            <returns></returns>
            <exception cref="T:System.NotImplementedException"></exception>
        </member>
        <member name="M:IKVM.Runtime.Vfs.VfsAssemblyClassDirectory.List">
            <summary>
            Lists the items within the package.
            </summary>
            <returns></returns>
            <exception cref="T:System.InvalidOperationException"></exception>
        </member>
        <member name="T:IKVM.Runtime.Vfs.VfsAssemblyClassFile">
            <summary>
            Represents an assembly class file within the virtual file system.
            </summary>
        </member>
        <member name="M:IKVM.Runtime.Vfs.VfsAssemblyClassFile.#ctor(IKVM.Runtime.Vfs.VfsContext,IKVM.Internal.TypeWrapper)">
            <summary>
            Initializes a new instance.
            </summary>
            <param name="context"></param>
            <param name="type"></param>
        </member>
        <member name="M:IKVM.Runtime.Vfs.VfsAssemblyClassFile.GenerateClassFile">
            <summary>
            Gets the class file.
            </summary>
            <returns></returns>
        </member>
        <member name="M:IKVM.Runtime.Vfs.VfsAssemblyClassFile.OpenRead">
            <summary>
            Opens the class file.
            </summary>
            <returns></returns>
        </member>
        <member name="P:IKVM.Runtime.Vfs.VfsAssemblyClassFile.Size">
            <summary>
            Gets the length of the class file.
            </summary>
        </member>
        <member name="T:IKVM.Runtime.Vfs.VfsAssemblyDirectory">
            <summary>
            Represents a directory containing all of the known assembies.
            </summary>
        </member>
        <member name="M:IKVM.Runtime.Vfs.VfsAssemblyDirectory.#ctor(IKVM.Runtime.Vfs.VfsContext)">
            <summary>
            Initializes a new instance.
            </summary>
            <param name="context"></param>
        </member>
        <member name="M:IKVM.Runtime.Vfs.VfsAssemblyDirectory.GetName(System.Reflection.AssemblyName)">
            <summary>
            Gets the dirctory name of the given assembly.
            </summary>
            <param name="name"></param>
            <returns></returns>
        </member>
        <member name="M:IKVM.Runtime.Vfs.VfsAssemblyDirectory.ParseName(System.String)">
            <summary>
            Attempt to parse a directory name into the associated assembly name.
            </summary>
            <param name="directoryName"></param>
            <returns></returns>
        </member>
        <member name="M:IKVM.Runtime.Vfs.VfsAssemblyDirectory.SafeGetAssembly(System.Reflection.AssemblyName)">
            <summary>
            Attempts to get an assembly with the given name.
            </summary>
            <param name="name"></param>
            <returns></returns>
        </member>
        <member name="M:IKVM.Runtime.Vfs.VfsAssemblyDirectory.GetEntry(System.String)">
            <summary>
            Gets the directory for the given name.
            </summary>
            <param name="name"></param>
            <returns></returns>
        </member>
        <member name="M:IKVM.Runtime.Vfs.VfsAssemblyDirectory.CreateAssemblyDirectory(System.Reflection.Assembly)">
            <summary>
            Creates a directory entry for the given assembly.
            </summary>
            <param name="assembly"></param>
            <returns></returns>
        </member>
        <member name="M:IKVM.Runtime.Vfs.VfsAssemblyDirectory.List">
            <summary>
            Returns an empty list. Assemblies are not discoverable by name.
            </summary>
            <returns></returns>
        </member>
        <member name="M:IKVM.Runtime.Vfs.VfsAssemblyDirectory.StringToByteArray(System.String)">
            <summary>
            Parses a hex string into a byte array.
            </summary>
            <param name="hex"></param>
            <returns></returns>
            <exception cref="T:System.Exception"></exception>
        </member>
        <member name="T:IKVM.Runtime.Vfs.VfsAssemblyResourceDirectory">
            <summary>
            Represents a virtual directory for assembly resources.
            </summary>
        </member>
        <member name="M:IKVM.Runtime.Vfs.VfsAssemblyResourceDirectory.#ctor(IKVM.Runtime.Vfs.VfsContext,System.Reflection.Assembly)">
            <summary>
            Initializes a new instance.
            </summary>
            <param name="context"></param>
            <param name="assembly"></param>
        </member>
        <member name="M:IKVM.Runtime.Vfs.VfsAssemblyResourceDirectory.GetEntry(System.String)">
            <summary>
            Gets the resource entry in the directory.
            </summary>
            <param name="name"></param>
            <returns></returns>
        </member>
        <member name="M:IKVM.Runtime.Vfs.VfsAssemblyResourceDirectory.List">
            <summary>
            Gets the list of resource entries within the directory.
            </summary>
            <returns></returns>
        </member>
        <member name="T:IKVM.Runtime.Vfs.VfsAssemblyResourceFile">
            <summary>
            Represents an assembly resource file within the virtual file system.
            </summary>
        </member>
        <member name="M:IKVM.Runtime.Vfs.VfsAssemblyResourceFile.#ctor(IKVM.Runtime.Vfs.VfsContext,System.Reflection.Assembly,System.String)">
            <summary>
            Initializes a new instance.
            </summary>
            <param name="context"></param>
            <param name="assembly"></param>
            <param name="name"></param>
        </member>
        <member name="M:IKVM.Runtime.Vfs.VfsAssemblyResourceFile.OpenRead">
            <summary>
            Opens the assembly resource for reading.
            </summary>
            <returns></returns>
        </member>
        <member name="P:IKVM.Runtime.Vfs.VfsAssemblyResourceFile.Size">
            <summary>
            Gets the size of the assembly resource.
            </summary>
        </member>
        <member name="T:IKVM.Runtime.Vfs.VfsCacertsFile">
            <summary>
            Represents a fake cacerts file.
            </summary>
        </member>
        <member name="M:IKVM.Runtime.Vfs.VfsCacertsFile.#ctor(IKVM.Runtime.Vfs.VfsContext)">
            <summary>
            Initializes a new instance.
            </summary>
            <param name="context"></param>
        </member>
        <member name="M:IKVM.Runtime.Vfs.VfsCacertsFile.GenerateCacertsFile">
            <summary>
            Gets the class file.
            </summary>
            <returns></returns>
        </member>
        <member name="M:IKVM.Runtime.Vfs.VfsCacertsFile.OpenRead">
            <summary>
            Opens the class file.
            </summary>
            <returns></returns>
        </member>
        <member name="P:IKVM.Runtime.Vfs.VfsCacertsFile.Size">
            <summary>
            Gets the length of the class file.
            </summary>
        </member>
        <member name="T:IKVM.Runtime.Vfs.VfsContext">
            <summary>
            Provides information to the VFS about the environment.
            </summary>
        </member>
        <member name="M:IKVM.Runtime.Vfs.VfsContext.GetAssemblyNames">
            <summary>
            Gets all of the assemblies known by the VFS.
            </summary>
            <returns></returns>
        </member>
        <member name="M:IKVM.Runtime.Vfs.VfsContext.GetAssembly(System.Reflection.AssemblyName)">
            <summary>
            Gets an assembly by name.
            </summary>
            <param name="name"></param>
            <returns></returns>
        </member>
        <member name="T:IKVM.Runtime.Vfs.VfsDirectory">
            <summary>
            Represents a directory entry in the virtual file system.
            </summary>
        </member>
        <member name="M:IKVM.Runtime.Vfs.VfsDirectory.#ctor(IKVM.Runtime.Vfs.VfsContext)">
            <summary>
            Initializes a new instance.
            </summary>
            <param name="context"></param>
        </member>
        <member name="M:IKVM.Runtime.Vfs.VfsDirectory.GetEntry(System.String)">
            <summary>
            Gets the entry with the specified name.
            </summary>
            <param name="name"></param>
            <returns></returns>
        </member>
        <member name="M:IKVM.Runtime.Vfs.VfsDirectory.List">
            <summary>
            Returns the names of the entries within the directory.
            </summary>
            <returns></returns>
        </member>
        <member name="T:IKVM.Runtime.Vfs.VfsEmptyFile">
            <summary>
            Represents a completely empty file.
            </summary>
        </member>
        <member name="M:IKVM.Runtime.Vfs.VfsEmptyFile.#ctor(IKVM.Runtime.Vfs.VfsContext)">
            <summary>
            Initializes a new instance.
            </summary>
            <param name="context"></param>
        </member>
        <member name="P:IKVM.Runtime.Vfs.VfsEmptyFile.Size">
            <summary>
            Gets the size of the empty file, which is always 0.
            </summary>
        </member>
        <member name="T:IKVM.Runtime.Vfs.VfsEntry">
            <summary>
            Base type for entries within a virtual file system.
            </summary>
        </member>
        <member name="M:IKVM.Runtime.Vfs.VfsEntry.#ctor(IKVM.Runtime.Vfs.VfsContext)">
            <summary>
            Initializes a new instance.
            </summary>
            <param name="context"></param>
            <exception cref="T:System.ArgumentNullException"></exception>
        </member>
        <member name="P:IKVM.Runtime.Vfs.VfsEntry.Context">
            <summary>
            Gets the context of the entry.
            </summary>
        </member>
        <member name="T:IKVM.Runtime.Vfs.VfsEntryDirectory">
            <summary>
            Describes a directory that has entries added to it statically.
            </summary>
        </member>
        <member name="M:IKVM.Runtime.Vfs.VfsEntryDirectory.#ctor(IKVM.Runtime.Vfs.VfsContext)">
            <summary>
            Initializes a new instance.
            </summary>
            <param name="context"></param>
        </member>
        <member name="M:IKVM.Runtime.Vfs.VfsEntryDirectory.GetOrCreateDirectory(System.String)">
            <summary>
            Adds a new directory into the directory, or returns the existing one.
            </summary>
            <param name="name"></param>
            <returns></returns>
        </member>
        <member name="M:IKVM.Runtime.Vfs.VfsEntryDirectory.AddEntry(System.String,IKVM.Runtime.Vfs.VfsEntry)">
            <summary>
            Adds a new entry into the directory.
            </summary>
            <param name="name"></param>
            <param name="entry"></param>
        </member>
        <member name="M:IKVM.Runtime.Vfs.VfsEntryDirectory.GetEntry(System.String)">
            <summary>
            Gets the entry with the given name.
            </summary>
            <param name="name"></param>
            <returns></returns>
        </member>
        <member name="M:IKVM.Runtime.Vfs.VfsEntryDirectory.List">
            <summary>
            Lists the contents of the directory.
            </summary>
            <returns></returns>
        </member>
        <member name="T:IKVM.Runtime.Vfs.VfsExecutable">
            <summary>
            Describes a link to an executable path. Provides a method to obtain actual executable path.
            </summary>
        </member>
        <member name="M:IKVM.Runtime.Vfs.VfsExecutable.#ctor(IKVM.Runtime.Vfs.VfsContext)">
            <summary>
            Initializes a new instance.
            </summary>
            <param name="context"></param>
        </member>
        <member name="P:IKVM.Runtime.Vfs.VfsExecutable.Size">
            <summary>
            Gets the size of the executable file.
            </summary>
        </member>
        <member name="M:IKVM.Runtime.Vfs.VfsExecutable.GetLink">
            <summary>
            Gets the underlying path to the executable.
            </summary>
            <returns></returns>
        </member>
        <member name="T:IKVM.Runtime.Vfs.VfsFile">
            <summary>
            Represents a file within the virtual file system.
            </summary>
        </member>
        <member name="M:IKVM.Runtime.Vfs.VfsFile.#ctor(IKVM.Runtime.Vfs.VfsContext)">
            <summary>
            Initializes a new instance.
            </summary>
            <param name="context"></param>
        </member>
        <member name="P:IKVM.Runtime.Vfs.VfsFile.Size">
            <summary>
            Gets the size of the file.
            </summary>
        </member>
        <member name="M:IKVM.Runtime.Vfs.VfsFile.CanOpen(System.IO.FileMode,System.IO.FileAccess)">
            <summary>
            Returns <c>true</c> if the given entry can be opened.
            </summary>
            <param name="mode"></param>
            <param name="access"></param>
            <returns></returns>
        </member>
        <member name="M:IKVM.Runtime.Vfs.VfsFile.Open(System.IO.FileMode,System.IO.FileAccess)">
            <summary>
            Attempts to open the the entry.
            </summary>
            <param name="mode"></param>
            <param name="access"></param>
            <returns></returns>
        </member>
        <member name="M:IKVM.Runtime.Vfs.VfsFile.OpenRead">
            <summary>
            Opens the file for reading.
            </summary>
            <returns></returns>
        </member>
        <member name="T:IKVM.Runtime.Vfs.VfsJavaExe">
            <summary>
            Represents a fake path to the java executable.
            Research shows somebody trying to launch Minecraft in IKVM, and the Minecraft launcher attempting to relaunch
            the application using javac.exe directly. I don't know if this spawned the need for this fake path, but it
            seems like a good likelihood.
            </summary>
        </member>
        <member name="M:IKVM.Runtime.Vfs.VfsJavaExe.#ctor(IKVM.Runtime.Vfs.VfsContext)">
            <summary>
            Initializes a new instance.
            </summary>
            <param name="context"></param>
        </member>
        <member name="T:IKVM.Runtime.Vfs.VfsMount">
            <summary>
            Implements a virtual file system available to Java libraries.
            </summary>
        </member>
        <member name="M:IKVM.Runtime.Vfs.VfsMount.#ctor(System.String,IKVM.Runtime.Vfs.VfsDirectory)">
            <summary>
            Initializes a new instance.
            </summary>
            <param name="rootPath"></param>
            <param name="root"></param>
        </member>
        <member name="P:IKVM.Runtime.Vfs.VfsMount.RootPath">
            <summary>
            Gets the path of this virtual file system.
            </summary>
        </member>
        <member name="P:IKVM.Runtime.Vfs.VfsMount.Root">
            <summary>
            Gets the root directory of this virtual file system.
            </summary>
        </member>
        <member name="M:IKVM.Runtime.Vfs.VfsMount.IsPath(System.String)">
            <summary>
            Returns <c>true</c> if the given path is within the virtual file system mount.
            </summary>
            <param name="path"></param>
            <returns></returns>
        </member>
        <member name="M:IKVM.Runtime.Vfs.VfsMount.GetPath(System.String)">
            <summary>
            Gets the entry for he given path.
            </summary>
            <param name="path"></param>
            <returns></returns>
            <exception cref="T:System.NotImplementedException"></exception>
        </member>
        <member name="T:IKVM.Runtime.Vfs.VfsRuntimeContext">
            <summary>
            Provides information to the VFS based on the current runtime environment.
            </summary>
        </member>
        <member name="F:IKVM.Runtime.Vfs.VfsRuntimeContext.Instance">
            <summary>
            Default runtime context.
            </summary>
        </member>
        <member name="M:IKVM.Runtime.Vfs.VfsRuntimeContext.GetAssembly(System.Reflection.AssemblyName)">
            <summary>
            Gets the assembly known by the given name.
            </summary>
            <returns></returns>
            <exception cref="T:System.NotImplementedException"></exception>
        </member>
        <member name="M:IKVM.Runtime.Vfs.VfsRuntimeContext.GetAssemblyNames">
            <summary>
            Gets the assembly names known to the runtime.
            </summary>
            <returns></returns>
        </member>
        <member name="M:IKVM.Runtime.Vfs.VfsRuntimeContext.GetAssemblyNames(Microsoft.Extensions.DependencyModel.DependencyContext,System.Runtime.Loader.AssemblyLoadContext)">
            <summary>
            Gets the list of available assemblies.
            </summary>
            <returns></returns>
        </member>
        <member name="M:IKVM.Runtime.Vfs.VfsRuntimeContext.GetAssembly(Microsoft.Extensions.DependencyModel.DependencyContext,System.Runtime.Loader.AssemblyLoadContext,System.Reflection.AssemblyName)">
            <summary>
            Gets the list of available assemblies.
            </summary>
            <param name="dependencyContext"></param>
            <param name="assemblyLoadContext"></param>
            <param name="name"></param>
            <returns></returns>
            <exception cref="T:System.ArgumentNullException"></exception>
        </member>
        <member name="T:IKVM.Runtime.Vfs.VfsTable">
            <summary>
            Collection of mounted virtual file systems.
            </summary>
        </member>
        <member name="F:IKVM.Runtime.Vfs.VfsTable.HomePath">
            <summary>
            Gets the default mount path of the global file system.
            </summary>
        </member>
        <member name="F:IKVM.Runtime.Vfs.VfsTable.Default">
            <summary>
            Gets the default mount table.
            </summary>
        </member>
        <member name="M:IKVM.Runtime.Vfs.VfsTable.GetAssemblyClassesPath(System.Reflection.Assembly)">
            <summary>
            Gets the path within the default virtual file system where the given assembly is mapped.
            </summary>
            <param name="assembly"></param>
            <returns></returns>
        </member>
        <member name="M:IKVM.Runtime.Vfs.VfsTable.GetAssemblyResourcesPath(System.Reflection.Assembly)">
            <summary>
            Gets the path within the default virtual file system where the given assembly resources are mapped.
            </summary>
            <param name="assembly"></param>
            <returns></returns>
        </member>
        <member name="M:IKVM.Runtime.Vfs.VfsTable.BuildDefaultTable(IKVM.Runtime.Vfs.VfsContext)">
            <summary>
            Builds the default IKVM mount table.
            </summary>
            <returns></returns>
        </member>
        <member name="M:IKVM.Runtime.Vfs.VfsTable.BuildIkvmHomeRoot(IKVM.Runtime.Vfs.VfsContext)">
            <summary>
            Builds the default mount directory.
            </summary>
            <param name="context"></param>
            <returns></returns>
            <exception cref="T:System.ArgumentNullException"></exception>
        </member>
        <member name="M:IKVM.Runtime.Vfs.VfsTable.AddDummyLibrary(IKVM.Runtime.Vfs.VfsEntryDirectory,System.String)">
            <summary>
            Adds a dummy library to the given directory.
            </summary>
            <param name="directory"></param>
            <param name="name"></param>
        </member>
        <member name="M:IKVM.Runtime.Vfs.VfsTable.ExtractZipArchive(IKVM.Runtime.Vfs.VfsEntryDirectory,System.IO.Compression.ZipArchive)">
            <summary>
            Expands a zip archive into the directory.
            </summary>
            <param name="directory"></param>
            <param name="archive"></param>
        </member>
        <member name="M:IKVM.Runtime.Vfs.VfsTable.AddEntryAtPath(IKVM.Runtime.Vfs.VfsEntryDirectory,System.String,IKVM.Runtime.Vfs.VfsZipEntry)">
            <summary>
            Adds a zip entry to the given directory.
            </summary>
            <param name="directory"></param>
            <param name="fileName"></param>
            <param name="entry"></param>
        </member>
        <member name="M:IKVM.Runtime.Vfs.VfsTable.#ctor(IKVM.Runtime.Vfs.VfsContext)">
            <summary>
            Initializes a new instance.
            </summary>
            <param name="context"></param>
            <exception cref="T:System.ArgumentNullException"></exception>
        </member>
        <member name="P:IKVM.Runtime.Vfs.VfsTable.Mounts">
            <summary>
            Gets the mounted virtual file systems.
            </summary>
        </member>
        <member name="M:IKVM.Runtime.Vfs.VfsTable.AddMount(System.String,IKVM.Runtime.Vfs.VfsDirectory)">
            <summary>
            Adds the a new mount to the table.
            </summary>
            <param name="path"></param>
            <param name="root"></param>
            <returns></returns>
        </member>
        <member name="M:IKVM.Runtime.Vfs.VfsTable.RemoveMount(System.String)">
            <summary>
            Removes the given mount from the table.
            </summary>
            <param name="path"></param>
        </member>
        <member name="M:IKVM.Runtime.Vfs.VfsTable.GetMount(System.String)">
            <summary>
            Gets the mount for the given path.
            </summary>
            <param name="path"></param>
            <returns></returns>
        </member>
        <member name="M:IKVM.Runtime.Vfs.VfsTable.IsPath(System.String)">
            <summary>
            Returns <c>true</c> if the given path is a mounted virtual path.
            </summary>
            <param name="path"></param>
            <returns></returns>
        </member>
        <member name="M:IKVM.Runtime.Vfs.VfsTable.GetPath(System.String)">
            <summary>
            Gets the entry for the given path.
            </summary>
            <param name="path"></param>
            <returns></returns>
        </member>
        <member name="M:IKVM.Runtime.Vfs.VfsTable.List(System.String)">
            <summary>
            Gets the names of the entries within the directory.
            </summary>
            <param name="path"></param>
            <returns></returns>
        </member>
        <member name="M:IKVM.Runtime.Vfs.VfsTable.Open(System.String,System.IO.FileMode,System.IO.FileAccess)">
            <summary>
            Opens a file at the specified path.
            </summary>
            <param name="path"></param>
            <param name="mode"></param>
            <param name="access"></param>
            <returns></returns>
            <exception cref="T:System.IO.IOException"></exception>
            <exception cref="T:System.IO.FileNotFoundException"></exception>
        </member>
        <member name="M:IKVM.Runtime.Vfs.VfsTable.GetLength(System.String)">
            <summary>
            Gets the length of the file at the specified path.
            </summary>
            <param name="path"></param>
            <returns></returns>
        </member>
        <member name="M:IKVM.Runtime.Vfs.VfsTable.GetBooleanAttributes(System.String)">
            <summary>
            Gets the boolean attributes of the specified path.
            </summary>
            <param name="path"></param>
            <returns></returns>
        </member>
        <member name="T:IKVM.Runtime.Vfs.VfsZipEntry">
            <summary>
            Describes a file within the virtual file system which is backed by an entry in a zip file.
            </summary>
        </member>
        <member name="M:IKVM.Runtime.Vfs.VfsZipEntry.#ctor(IKVM.Runtime.Vfs.VfsContext,System.IO.Compression.ZipArchiveEntry)">
            <summary>
            Initializes a new instance.
            </summary>
            <param name="context"></param>
            <param name="entry"></param>
        </member>
        <member name="P:IKVM.Runtime.Vfs.VfsZipEntry.Size">
            <summary>
            Gets the size of the entry.
            </summary>
        </member>
        <member name="M:IKVM.Runtime.Vfs.VfsZipEntry.OpenRead">
            <summary>
            Opens the entry for reading.
            </summary>
            <returns></returns>
        </member>
        <member name="M:Java_java_io_WinNTFileSystem.checkAccess(System.Object,java.io.File,System.Int32)">
            <summary>
            Checks if the given access bits are allowed on the given file.
            </summary>
            <param name="_this"></param>
            <param name="f"></param>
            <param name="access"></param>
            <returns></returns>
        </member>
        <member name="F:Java_java_io_WinNTFileSystem.UnixEpochTicks">
            <summary>
            The .NET ticks representing January 1, 1970 0:00:00, also known as the "epoch".
            </summary>
        </member>
        <member name="M:Java_java_lang_ProcessImpl.mapVfsExecutable(System.String)">
            <summary>
            Maps the given path to a path capable of being executed.
            </summary>
            <param name="path"></param>
            <returns></returns>
        </member>
        <member name="T:Java_java_util_zip_ClassStubZipEntry.ZipEntryStream">
            <summary>
            .NET stream that wraps a Java ZipEntry.
            </summary>
        </member>
        <member name="M:Java_java_util_zip_ClassStubZipEntry.ZipEntryStream.#ctor(java.util.zip.ZipFile,java.util.zip.ZipEntry)">
            <summary>
            Initializes a new instance.
            </summary>
            <param name="zipFile"></param>
            <param name="entry"></param>
        </member>
        <member name="M:NativeInvokerBytecodeGenerator.emitImplicitConversion(java.lang.invoke.LambdaForm.BasicType,java.lang.Class,System.Object)">
             Emit an implicit conversion for an argument which must be of the given pclass.
             This is usually a no-op, except when pclass is a subword type or a reference other than Object or an interface.
            
             @param ptype type of value present on stack
             @param pclass type of value required on stack
             @param arg compile-time representation of value on stack (Node, constant) or null if none
        </member>
        <member name="M:NativeInvokerBytecodeGenerator.assertStaticType(java.lang.Class,java.lang.invoke.LambdaForm.Name)">
            Update localClasses type map.  Return true if the information is already present. 
        </member>
        <member name="M:NativeInvokerBytecodeGenerator.generateCustomizedCode(java.lang.invoke.LambdaForm,java.lang.invoke.MethodType)">
            Generate customized bytecode for a given LambdaForm.
        </member>
        <member name="M:NativeInvokerBytecodeGenerator.generateCustomizedCodeBytes">
            Generate an invoker method for the passed {@link LambdaForm}.
        </member>
        <member name="M:NativeInvokerBytecodeGenerator.emitInvoke(java.lang.invoke.LambdaForm.Name)">
            Emit an invoke for the given name.
        </member>
        <member name="M:NativeInvokerBytecodeGenerator.emitStaticInvoke(java.lang.invoke.MemberName,java.lang.invoke.LambdaForm.Name)">
            Emit an invoke for the given name, using the MemberName directly.
        </member>
        <member name="M:NativeInvokerBytecodeGenerator.emitSelectAlternative(java.lang.invoke.LambdaForm.Name,java.lang.invoke.LambdaForm.Name)">
             Emit bytecode for the selectAlternative idiom.
            
             The pattern looks like (Cf. MethodHandleImpl.makeGuardWithTest):
             <blockquote><pre>{@code
               Lambda(a0:L,a1:I)=>{
                 t2:I=foo.test(a1:I);
                 t3:L=MethodHandleImpl.selectAlternative(t2:I,(MethodHandle(int)int),(MethodHandle(int)int));
                 t4:I=MethodHandle.invokeBasic(t3:L,a1:I);t4:I}
             }</pre></blockquote>
        </member>
        <member name="M:NativeInvokerBytecodeGenerator.emitGuardWithCatch(System.Int32)">
             Emit bytecode for the guardWithCatch idiom.
            
             The pattern looks like (Cf. MethodHandleImpl.makeGuardWithCatch):
             <blockquote><pre>{@code
              guardWithCatch=Lambda(a0:L,a1:L,a2:L,a3:L,a4:L,a5:L,a6:L,a7:L)=>{
                t8:L=MethodHandle.invokeBasic(a4:L,a6:L,a7:L);
                t9:L=MethodHandleImpl.guardWithCatch(a1:L,a2:L,a3:L,t8:L);
               t10:I=MethodHandle.invokeBasic(a5:L,t9:L);t10:I}
             }</pre></blockquote>
            
             It is compiled into bytecode equivalent of the following code:
             <blockquote><pre>{@code
              try {
                  return a1.invokeBasic(a6, a7);
              } catch (Throwable e) {
                  if (!a2.isInstance(e)) throw e;
                  return a3.invokeBasic(ex, a6, a7);
              }}</pre></blockquote>
        </member>
        <member name="M:NativeInvokerBytecodeGenerator.emitStoreResult(java.lang.invoke.LambdaForm.Name)">
            Store the name to its local, if necessary.
        </member>
        <member name="M:NativeInvokerBytecodeGenerator.emitReturn(java.lang.invoke.LambdaForm.Name)">
            Emits a return statement from a LF invoker. If required, the result type is cast to the correct return type.
        </member>
        <member name="M:NativeInvokerBytecodeGenerator.emitPrimCast(sun.invoke.util.Wrapper,sun.invoke.util.Wrapper)">
            Emit a type conversion bytecode casting from "from" to "to".
        </member>
    </members>
</doc>
