<?xml version="1.0"?>
<doc>
    <assembly>
        <name>ikvmstub</name>
    </assembly>
    <members>
        <member name="T:IKVM.Runtime.Extensions.PathExtensions">
            <summary>
            Various extension methods for working with paths.
            </summary>
        </member>
        <member name="M:IKVM.Runtime.Extensions.PathExtensions.TrimEndingDirectorySeparator(System.String)">
            <summary>
            Trims any ending directory separator characters are removed from the path.
            </summary>
            <param name="path"></param>
            <returns></returns>
        </member>
        <member name="M:IKVM.Runtime.Extensions.PathExtensions.EnsureEndingDirectorySeparator(System.String)">
            <summary>
            Ensures the given path ends with a directory separator.
            </summary>
            <param name="path"></param>
            <returns></returns>
        </member>
        <member name="T:IKVM.Runtime.Extensions.ReadOnlySpanCharExtensions">
            <summary>
            Provides extension methods for working with <see cref="T:System.ReadOnlySpan`1"/>.
            </summary>
        </member>
        <member name="M:IKVM.Runtime.Extensions.ReadOnlySpanCharExtensions.GetHashCodeExtension(System.ReadOnlySpan{System.Char})">
            <summary>
            Returns a hashcode for this string.
            </summary>
            <param name="span"></param>
            <returns></returns>
        </member>
        <member name="M:IKVM.Runtime.Extensions.ReadOnlySpanCharExtensions.OnlyNumbers(System.ReadOnlySpan{System.Char})">
            <summary>
            Returns <c>true</c> if every member is a number.
            </summary>
            <param name="span"></param>
            <returns></returns>
        </member>
        <member name="T:IKVM.Runtime.Syntax.JavaPackageName">
            <summary>
            Provides methods to parse a Java package name.
            </summary>
        </member>
        <member name="M:IKVM.Runtime.Syntax.JavaPackageName.#ctor(System.String)">
            <summary>
            Initializes a new instance.
            </summary>
            <param name="qualifiedName"></param>
        </member>
        <member name="M:IKVM.Runtime.Syntax.JavaPackageName.#ctor(System.ReadOnlyMemory{System.Char})">
            <summary>
            Initializes a new instance.
            </summary>
            <param name="qualifiedName"></param>
        </member>
        <member name="M:IKVM.Runtime.Syntax.JavaPackageName.#ctor(IKVM.Runtime.Syntax.JavaPackageName,System.ReadOnlyMemory{System.Char})">
            <summary>
            Initializes a new instance.
            </summary>
            <param name="parent"></param>
            <param name="name"></param>
        </member>
        <member name="M:IKVM.Runtime.Syntax.JavaPackageName.#ctor(IKVM.Runtime.Syntax.JavaPackageName,System.String)">
            <summary>
            Initializes a new instance.
            </summary>
            <param name="parent"></param>
            <param name="name"></param>
        </member>
        <member name="P:IKVM.Runtime.Syntax.JavaPackageName.Value">
            <summary>
            Gets the underlying value of this package name.
            </summary>
        </member>
        <member name="P:IKVM.Runtime.Syntax.JavaPackageName.IsEmpty">
            <summary>
            Returns <c>true</c> if this package name is empty.
            </summary>
        </member>
        <member name="P:IKVM.Runtime.Syntax.JavaPackageName.SimpleName">
            <summary>
            Gets the simple name.
            </summary>
        </member>
        <member name="M:IKVM.Runtime.Syntax.JavaPackageName.GetSimpleName">
            <summary>
            Gets the simple name.
            </summary>
            <returns></returns>
        </member>
        <member name="P:IKVM.Runtime.Syntax.JavaPackageName.Parent">
            <summary>
            Gets the name of the parent package, or empty.
            </summary>
        </member>
        <member name="M:IKVM.Runtime.Syntax.JavaPackageName.GetParent">
            <summary>
            Gets the package name.
            </summary>
            <returns></returns>
        </member>
        <member name="M:IKVM.Runtime.Syntax.JavaPackageName.IsMemberOf(IKVM.Runtime.Syntax.JavaPackageName)">
            <summary>
            Returns <c>true</c> if this package name is a member of the given package name.
            </summary>
            <param name="packageName"></param>
            <returns></returns>
        </member>
        <member name="M:IKVM.Runtime.Syntax.JavaPackageName.IsChildOf(IKVM.Runtime.Syntax.JavaPackageName)">
            <summary>
            Returns <c>true</c> if the given package name is a child of the <paramref name="other"/> package name.
            </summary>
            <param name="other"></param>
            <returns></returns>
        </member>
        <member name="M:IKVM.Runtime.Syntax.JavaPackageName.Equals(IKVM.Runtime.Syntax.JavaPackageName)">
            <summary>
            Returns <c>true</c> if the two objects are equal.
            </summary>
            <param name="other"></param>
            <returns></returns>
        </member>
        <member name="M:IKVM.Runtime.Syntax.JavaPackageName.Equals(System.Object)">
            <summary>
            Returns <c>true</c> if the two objects are equal.
            </summary>
            <param name="obj"></param>
            <returns></returns>
        </member>
        <member name="M:IKVM.Runtime.Syntax.JavaPackageName.GetHashCode">
            <summary>
            Gets the hash code of this package name.
            </summary>
            <returns></returns>
        </member>
        <member name="M:IKVM.Runtime.Syntax.JavaPackageName.ToString">
            <summary>
            Returns a string instance of the package name.
            </summary>
            <returns></returns>
        </member>
        <member name="T:IKVM.Runtime.Syntax.JavaSimplePackageName">
            <summary>
            Provides methods to parse a Java class simple name.
            </summary>
        </member>
        <member name="M:IKVM.Runtime.Syntax.JavaSimplePackageName.#ctor(System.String)">
            <summary>
            Initializes a new instance.
            </summary>
            <param name="value"></param>
        </member>
        <member name="M:IKVM.Runtime.Syntax.JavaSimplePackageName.#ctor(System.ReadOnlyMemory{System.Char})">
            <summary>
            Initializes a new instance.
            </summary>
            <param name="value"></param>
        </member>
        <member name="P:IKVM.Runtime.Syntax.JavaSimplePackageName.Value">
            <summary>
            Gets the underlying value of this simple name.
            </summary>
        </member>
        <member name="P:IKVM.Runtime.Syntax.JavaSimplePackageName.IsEmpty">
            <summary>
            Returns <c>true</c> if this type name is empty.
            </summary>
        </member>
        <member name="M:IKVM.Runtime.Syntax.JavaSimplePackageName.Equals(IKVM.Runtime.Syntax.JavaSimplePackageName)">
            <summary>
            Returns <c>true</c> if the two objects are equal.
            </summary>
            <param name="other"></param>
            <returns></returns>
        </member>
        <member name="M:IKVM.Runtime.Syntax.JavaSimplePackageName.Equals(System.Object)">
            <summary>
            Returns <c>true</c> if the two objects are equal.
            </summary>
            <param name="obj"></param>
            <returns></returns>
        </member>
        <member name="M:IKVM.Runtime.Syntax.JavaSimplePackageName.GetHashCode">
            <summary>
            Gets the hash code of this type name.
            </summary>
            <returns></returns>
        </member>
        <member name="M:IKVM.Runtime.Syntax.JavaSimplePackageName.ToString">
            <summary>
            Returns a string instance of the type name.
            </summary>
            <returns></returns>
        </member>
        <member name="T:IKVM.Runtime.Syntax.JavaSimpleTypeName">
            <summary>
            Provides methods to parse a Java class simple name.
            </summary>
        </member>
        <member name="M:IKVM.Runtime.Syntax.JavaSimpleTypeName.#ctor(System.String)">
            <summary>
            Initializes a new instance.
            </summary>
            <param name="value"></param>
        </member>
        <member name="M:IKVM.Runtime.Syntax.JavaSimpleTypeName.#ctor(System.ReadOnlyMemory{System.Char})">
            <summary>
            Initializes a new instance.
            </summary>
            <param name="value"></param>
        </member>
        <member name="P:IKVM.Runtime.Syntax.JavaSimpleTypeName.Value">
            <summary>
            Gets the underlying value of this simple name.
            </summary>
        </member>
        <member name="P:IKVM.Runtime.Syntax.JavaSimpleTypeName.IsEmpty">
            <summary>
            Returns <c>true</c> if this type name is empty.
            </summary>
        </member>
        <member name="M:IKVM.Runtime.Syntax.JavaSimpleTypeName.Equals(IKVM.Runtime.Syntax.JavaSimpleTypeName)">
            <summary>
            Returns <c>true</c> if the two objects are equal.
            </summary>
            <param name="other"></param>
            <returns></returns>
        </member>
        <member name="M:IKVM.Runtime.Syntax.JavaSimpleTypeName.Equals(System.Object)">
            <summary>
            Returns <c>true</c> if the two objects are equal.
            </summary>
            <param name="obj"></param>
            <returns></returns>
        </member>
        <member name="M:IKVM.Runtime.Syntax.JavaSimpleTypeName.GetHashCode">
            <summary>
            Gets the hash code of this type name.
            </summary>
            <returns></returns>
        </member>
        <member name="M:IKVM.Runtime.Syntax.JavaSimpleTypeName.ToString">
            <summary>
            Returns a string instance of the type name.
            </summary>
            <returns></returns>
        </member>
        <member name="T:IKVM.Runtime.Syntax.JavaTypeName">
            <summary>
            Provides methods to parse a Java class name.
            </summary>
        </member>
        <member name="M:IKVM.Runtime.Syntax.JavaTypeName.#ctor(System.String)">
            <summary>
            Initializes a new instance.
            </summary>
            <param name="value"></param>
        </member>
        <member name="M:IKVM.Runtime.Syntax.JavaTypeName.#ctor(System.ReadOnlyMemory{System.Char})">
            <summary>
            Initializes a new instance.
            </summary>
            <param name="value"></param>
        </member>
        <member name="M:IKVM.Runtime.Syntax.JavaTypeName.#ctor(IKVM.Runtime.Syntax.JavaPackageName,IKVM.Runtime.Syntax.JavaUnqualifiedTypeName)">
            <summary>
            Initializes a new instance.
            </summary>
            <param name="package"></param>
            <param name="name"></param>
        </member>
        <member name="P:IKVM.Runtime.Syntax.JavaTypeName.Value">
            <summary>
            Gets the underlying value of the type name.
            </summary>
        </member>
        <member name="P:IKVM.Runtime.Syntax.JavaTypeName.IsEmpty">
            <summary>
            Returns <c>true</c> if this represents the empty type name.
            </summary>
        </member>
        <member name="P:IKVM.Runtime.Syntax.JavaTypeName.PackageName">
            <summary>
            Gets the package name.
            </summary>
        </member>
        <member name="M:IKVM.Runtime.Syntax.JavaTypeName.GetPackageName">
            <summary>
            Gets the package name.
            </summary>
            <returns></returns>
        </member>
        <member name="P:IKVM.Runtime.Syntax.JavaTypeName.UnqualifiedName">
            <summary>
            Gets the unqualified type name.
            </summary>
        </member>
        <member name="M:IKVM.Runtime.Syntax.JavaTypeName.GetUnqualifiedName">
            <summary>
            Gets the unqualified type name.
            </summary>
            <returns></returns>
            <exception cref="T:System.NotImplementedException"></exception>
        </member>
        <member name="P:IKVM.Runtime.Syntax.JavaTypeName.SimpleName">
            <summary>
            Gets the simple name.
            </summary>
        </member>
        <member name="M:IKVM.Runtime.Syntax.JavaTypeName.GetSimpleName">
            <summary>
            Gets the simple name.
            </summary>
            <returns></returns>
        </member>
        <member name="M:IKVM.Runtime.Syntax.JavaTypeName.IsMemberOf(IKVM.Runtime.Syntax.JavaPackageName)">
            <summary>
            Returns <c>true</c> if this type is a member of the given package.
            </summary>
            <param name="packageName"></param>
            <returns></returns>
        </member>
        <member name="P:IKVM.Runtime.Syntax.JavaTypeName.IsInnerClass">
            <summary>
            Returns <c>true</c> if this name represents an inner class of another class.
            </summary>
        </member>
        <member name="P:IKVM.Runtime.Syntax.JavaTypeName.IsNestedClass">
            <summary>
            Returns <c>true</c> if this name represents a nested class.
            </summary>
        </member>
        <member name="P:IKVM.Runtime.Syntax.JavaTypeName.IsAnonymousClass">
            <summary>
            Returns <c>true</c> if this name represents an anonymous class.
            </summary>
        </member>
        <member name="P:IKVM.Runtime.Syntax.JavaTypeName.IsLocalClass">
            <summary>
            Returns <c>true</c> if this name represents a local class.
            </summary>
        </member>
        <member name="P:IKVM.Runtime.Syntax.JavaTypeName.Parent">
            <summary>
            If this class name is a nested, inner or anonymous class, returns the parent class name, else returns empty.
            </summary>
        </member>
        <member name="M:IKVM.Runtime.Syntax.JavaTypeName.Equals(IKVM.Runtime.Syntax.JavaTypeName)">
            <summary>
            Returns <c>true</c> if the two objects are equal.
            </summary>
            <param name="other"></param>
            <returns></returns>
        </member>
        <member name="M:IKVM.Runtime.Syntax.JavaTypeName.Equals(System.Object)">
            <summary>
            Returns <c>true</c> if the two objects are equal.
            </summary>
            <param name="obj"></param>
            <returns></returns>
        </member>
        <member name="M:IKVM.Runtime.Syntax.JavaTypeName.GetHashCode">
            <summary>
            Gets the hash code of this type name.
            </summary>
            <returns></returns>
        </member>
        <member name="M:IKVM.Runtime.Syntax.JavaTypeName.ToString">
            <summary>
            Returns a string instance of the type name.
            </summary>
            <returns></returns>
        </member>
        <member name="T:IKVM.Runtime.Syntax.JavaUnqualifiedTypeName">
            <summary>
            Provides methods to parse a Java class name without package.
            </summary>
        </member>
        <member name="M:IKVM.Runtime.Syntax.JavaUnqualifiedTypeName.#ctor(System.String)">
            <summary>
            Initializes a new instance.
            </summary>
            <param name="value"></param>
        </member>
        <member name="M:IKVM.Runtime.Syntax.JavaUnqualifiedTypeName.#ctor(System.ReadOnlyMemory{System.Char})">
            <summary>
            Initializes a new instance.
            </summary>
            <param name="value"></param>
        </member>
        <member name="P:IKVM.Runtime.Syntax.JavaUnqualifiedTypeName.Value">
            <summary>
            Gets the underlying value of the type name.
            </summary>
        </member>
        <member name="P:IKVM.Runtime.Syntax.JavaUnqualifiedTypeName.IsEmpty">
            <summary>
            Returns <c>true</c> if this type name is empty.
            </summary>
        </member>
        <member name="P:IKVM.Runtime.Syntax.JavaUnqualifiedTypeName.IsInnerClass">
            <summary>
            Returns <c>true</c> if this name represents an inner class of another class.
            </summary>
        </member>
        <member name="P:IKVM.Runtime.Syntax.JavaUnqualifiedTypeName.IsNestedClass">
            <summary>
            Returns <c>true</c> if this name represents a nested class.
            </summary>
        </member>
        <member name="P:IKVM.Runtime.Syntax.JavaUnqualifiedTypeName.IsAnonymousClass">
            <summary>
            Returns <c>true</c> if this name represents an anonymous class.
            </summary>
        </member>
        <member name="P:IKVM.Runtime.Syntax.JavaUnqualifiedTypeName.IsLocalClass">
            <summary>
            Returns <c>true</c> if this name represents a local class.
            </summary>
        </member>
        <member name="M:IKVM.Runtime.Syntax.JavaUnqualifiedTypeName.Equals(IKVM.Runtime.Syntax.JavaUnqualifiedTypeName)">
            <summary>
            Returns <c>true</c> if the two objects are equal.
            </summary>
            <param name="other"></param>
            <returns></returns>
        </member>
        <member name="M:IKVM.Runtime.Syntax.JavaUnqualifiedTypeName.Equals(System.Object)">
            <summary>
            Returns <c>true</c> if the two objects are equal.
            </summary>
            <param name="obj"></param>
            <returns></returns>
        </member>
        <member name="M:IKVM.Runtime.Syntax.JavaUnqualifiedTypeName.GetHashCode">
            <summary>
            Gets the hash code of this type name.
            </summary>
            <returns></returns>
        </member>
        <member name="M:IKVM.Runtime.Syntax.JavaUnqualifiedTypeName.ToString">
            <summary>
            Returns a string instance of the type name.
            </summary>
            <returns></returns>
        </member>
        <member name="T:IKVM.Runtime.Syntax.ReadOnlySpanSeperatorEnumerator">
            <summary>
            Allows navigation over a Java class name.
            </summary>
        </member>
        <member name="M:IKVM.Runtime.Syntax.ReadOnlySpanSeperatorEnumerator.#ctor(System.ReadOnlySpan{System.Char},System.Char)">
            <summary>
            Initializes a new instance.
            </summary>
            <param name="name"></param>
            <param name="separator"></param>
        </member>
        <member name="M:IKVM.Runtime.Syntax.ReadOnlySpanSeperatorEnumerator.GetEnumerator">
            <summary>
            Gets an enumerator.
            </summary>
            <returns></returns>
        </member>
        <member name="P:IKVM.Runtime.Syntax.ReadOnlySpanSeperatorEnumerator.Current">
            <summary>
            Gets the current entry.
            </summary>
        </member>
        <member name="M:IKVM.Runtime.Syntax.ReadOnlySpanSeperatorEnumerator.MoveNext">
            <summary>
            Returns whether any more entries exist.
            </summary>
            <returns></returns>
        </member>
        <member name="T:IKVM.Runtime.InternalException">
            <summary>
            Represents an internal error that occurred within IKVM.
            </summary>
        </member>
        <member name="M:IKVM.Runtime.InternalException.#ctor">
            <summary>
            Initializes a new instance.
            </summary>
        </member>
        <member name="M:IKVM.Runtime.InternalException.#ctor(System.String)">
            <summary>
            Initializes a new instance.
            </summary>
            <param name="message"></param>
        </member>
        <member name="M:IKVM.Runtime.InternalException.#ctor(System.String,System.Exception)">
            <summary>
            Initializes a new instance.
            </summary>
            <param name="message"></param>
            <param name="innerException"></param>
        </member>
        <member name="M:IKVM.Internal.AssemblyClassLoader.AssemblyLoader.GetTypeNameAndType(IKVM.Reflection.Type,System.Boolean@)">
            <summary>
            Gets the Java type name for the specified type.
            </summary>
            <param name="type"></param>
            <param name="isJavaType"></param>
            <returns></returns>
        </member>
        <member name="P:IKVM.Internal.TypeWrapper.TypeAsArrayType">
            <summary>Use this if the type is used as an array or array element</summary> 
        </member>
        <member name="M:IKVM.Internal.CompiledTypeWrapper.GetName(IKVM.Reflection.Type)">
            <summary>
            Gets the Java type name of a Java type.
            </summary>
            <param name="type"></param>
            <returns></returns>
            <exception cref="T:IKVM.Runtime.InternalException"></exception>
        </member>
    </members>
</doc>
